DateTime,Precip_mm,NO3mgNL,DOCmgCL
11/18/2003 13:00,2.7,0.588,
11/25/2003 11:00,8.5,0.146,0.993
12/2/2003 13:50,13.6,0.294,0.739
12/9/2003 12:45,24.8,0.052,0.385
12/16/2003 11:15,77.1,0.045,0.308
12/23/2003 11:00,11.2,0.098,0.357
12/30/2003 12:45,12.8,0.093,0.394
1/6/2004 10:30,11.11,0.445,1.226
1/13/2004 11:15,3,0.527,0.956
2/10/2004 9:45,29.9,0.067,0.73
2/24/2004 9:00,4.5,0.956,1.688
3/9/2004 8:15,8.2,0.524,1.151
3/16/2004 10:00,1.4,,3.19
3/23/2004 8:30,24.7,0.563,0.621
3/30/2004 8:45,11.5,0.777,1.387
4/6/2004 9:00,125.2,0.045,0.507
4/13/2004 9:15,4.9,0.149,0.786
4/20/2004 14:45,38.1,0.117,0.431
4/27/2004 9:00,48.7,0.305,0.709
5/4/2004 9:30,25.5,0.156,0.518
5/18/2004 10:30,29.2,0.294,1.436
6/1/2004 10:30,31.3,0.456,0.565
6/4/2004 16:30,9.4,0.268,1.182
6/15/2004 9:45,10.4,0.336,1.402
6/22/2004 9:45,6.9,0.453,1.585
6/29/2004 9:00,11.2,0.309,1.298
7/2/2004 9:00,2.7,0.878,4.6
7/6/2004 10:00,0.7,,3.139
7/9/2004 8:30,18.6,0.0025,1.231
7/15/2004 7:30,12.9,0.106,3.045
7/19/2004 16:15,9,0.257,0.992
7/20/2004 9:45,0.9,,4.553
7/24/2004 13:30,9.9,0.274,1.436
7/29/2004 8:00,27.5,0.055,0.383
8/2/2004 15:30,3.4,0.182,1.192
8/6/2004 9:00,2.2,0.113,2.137
8/13/2004 11:00,69.2,0.024,0.181
8/12/2004 17:00,25.7,0.332,1.601
8/16/2004 9:00,11.6,0.028,0.528
8/17/2004 11:45,8.4,0.193,1.47
8/23/2004 10:00,35.3,0.379,1.706
8/31/2004 10:30,5.4,0.245,0.05
9/9/2004 12:15,63.4,0.086,0.307
5/25/2004 9:45,67.8,0.413,
9/14/2004 9:45,1,0.4,1.801
9/21/2004 9:15,54.2,0.096,0.644
9/29/2004 7:45,13.2,0.491,0.593
10/5/2004 9:45,14,0.355,1.097
10/16/2004 9:15,38.9,0.115,0.503
11/1/2004 14:15,11.6,0.488,1.249
11/3/2004 15:30,8.8,1.046,1.348
11/5/2004 8:15,20.5,0.0025,0.302
11/30/2004 10:30,64,0.1,0.637
12/2/2004 8:00,27.2,0.071,0.313
12/14/2004 11:00,44.1,0.097,0.505
12/21/2004 9:15,8.2,1.585,1.341
12/28/2004 9:30,37.4,0.051,0.164
1/4/2005 10:15,12.9,0.234,0.322
1/9/2005 12:00,13.8,0.141,0.584
1/13/2005 8:15,9.8,0.134,0.249
1/18/2005 8:15,24.2,0.05,0.263
1/20/2005 8:30,3.9,0.657,0.284
1/23/2005 14:30,19.8,0.137,3.621
1/28/2005 8:00,7.4,0.93,1.307
2/4/2005 8:30,9.9,0.059,0.711
2/11/2005 10:30,35,0.31,1.528
2/15/2005 10:15,18.5,0.066,0.303
2/22/2005 8:00,24.6,0.229,0.764
2/25/2005 8:15,6.2,0.657,0.602
3/2/2005 8:00,12.2,0.112,0.553
3/9/2005 16:30,32.4,0.239,0.884
3/14/2005 8:45,31.7,0.18,0.264
3/25/2005 8:15,5.2,0.255,0.466
3/30/2005 9:00,65.1,0.051,0.116
4/5/2005 8:00,46.8,0.116,0.491
4/8/2005 8:15,3.3,0.831,1.195
4/21/2005 18:30,18.3,0.509,1.627
4/26/2005 8:00,28.2,0.33,0.482
4/28/2005 8:00,29.1,0.1,0.202
4/29/2005 8:00,1.5,0.621,0.879
5/2/2005 8:00,22.8,0.237,0.628
5/3/2005 8:00,4.3,1.018,1.158
5/9/2005 8:00,21.1,0.032,0.522
5/16/2005 8:15,4.5,0.626,1.797
5/19/2005 8:00,1.5,0.754,3.934
5/23/2005 17:00,34.9,0.048,0.318
5/24/2005 8:45,27.5,0.126,0.337
5/25/2005 8:15,24.3,0.067,0.409
5/26/2005 8:15,31.2,0.092,0.37
5/31/2005 9:45,19.3,0.109,0.623
6/9/2005 8:00,12.6,0.508,3.58
6/13/2005 8:00,54.8,0.333,1.981
6/15/2005 10:00,5.6,0.263,3.194
6/20/2005 8:00,9.1,0.515,2.25
6/23/2005 8:00,7.3,0.212,2.205
6/29/2005 9:00,25.7,0.191,0.712
6/30/2005 8:00,23.5,0.305,1.32
7/1/2005 9:00,4.1,0.252,0.699
7/5/2005 12:00,3.9,0.831,2.982
7/6/2005 8:30,0.2,1.145,
7/7/2005 8:30,2.1,0.446,4.35
7/11/2005 8:00,33.9,0.053,0.653
7/15/2005 8:00,12.6,0.203,1.628
7/19/2005 10:30,3.3,0.428,2.251
7/25/2005 8:30,1.4,0.32,1.874
7/28/2005 8:00,13.2,0.417,3.203
8/2/2005 8:00,6.9,0.63,1.835
8/15/2005 8:00,53.6,0.388,1.51
8/16/2005 10:45,1.3,0.136,
8/22/2005 17:45,3.8,0.472,2.67
8/26/2005 8:00,5.8,0.277,1.773
8/29/2005 8:00,11,0.098,
8/30/2005 8:00,2.4,0.491,1.836
8/31/2005 8:00,3.4,0.23,0.479
9/1/2005 8:00,9,0.171,0.53
9/6/2005 11:45,7.1,0.083,1.733
9/16/2005 10:01,21.5,0.199,0.322
9/17/2005 13:30,5,0.068,0.385
9/21/2005 13:00,2,1.565,3.72
9/27/2005 9:00,13.2,0.12,0.05
9/30/2005 13:00,11,0.087,0.165
10/10/2005 8:30,134.1,0.022,0.46
10/11/2005 10:00,28.4,0.044,0.2
10/14/2005 8:30,5.3,0.073,0.952
10/17/2005 8:00,101.6,0.028,0.452
10/24/2005 8:00,29.5,0.062,0.306
10/25/2005 12:45,34.9,0.024,0.25
10/26/2005 8:00,13.2,0.024,0.532
11/7/2005 7:30,14.7,0.368,1.068
11/10/2005 8:00,25.25,0.441,1.086
11/16/2005 13:20,8.5,0.386,2.022
11/17/2005 17:00,22.6,0.102,0.284
11/22/2005 8:00,16,0.108,0.371
11/23/2005 8:00,23.8,0.069,0.387
11/28/2005 8:00,11.2,0.473,0.528
11/30/2005 8:00,5.3,0.119,0.431
12/1/2005 15:00,12.4,0.108,0.495
12/5/2005 8:00,1.4,0.273,0.901
12/12/2005 8:00,21.2,0.217,0.05
12/19/2005 8:00,45.2,0.093,0.299
12/28/2005 9:00,39.8,0.248,0.439
1/3/2006 8:00,20.6,0.172,0.482
1/6/2006 12:00,6.7,0.34,0.724
1/8/2006 14:00,0.8,1.652,2.528
1/12/2006 8:00,14.9,0.297,0.844
1/17/2006 8:00,24,0.128,0.499
1/19/2006 8:00,17.4,0.215,1.66
1/24/2006 8:00,16.3,0.054,1.605
1/26/2006 8:00,8,1.201,1.524
1/30/2006 8:00,13,0.421,1.016
2/6/2006 12:20,42.85,0.2,0.05
2/13/2006 11:45,9.8,0.16,0.349
2/21/2006 8:00,2.2,0.352,1.215
2/27/2006 8:00,10.4,0.692,0.564
3/13/2006 8:00,2.2,0.805,1.47
3/14/2006 9:45,20.1,0.531,1.326
3/15/2006 8:00,0.3,0.768,2.202
4/3/2006 8:00,2.2,0.813,2.285
4/4/2006 8:00,23.6,0.115,0.406
4/5/2006 8:00,22.5,0.122,0.659
4/6/2006 8:00,9.7,0.302,0.36
4/10/2006 8:00,3.9,0.514,1.334
4/14/2006 8:00,0.5,1.67,3.435
4/24/2006 8:00,18,0.225,0.811
4/25/2006 8:00,0.8,0.466,1.221
5/2/2006 9:00,12.8,0.026,0.05
5/3/2006 9:00,50.1,0.032,0.311
5/4/2006 14:30,4.1,0.093,0.557
5/10/2006 9:00,19.9,0.049,0.448
5/11/2006 11:00,0.3,,2.621
5/12/2006 16:00,3,0.098,0.251
5/19/2006 10:00,292.21,0.062,0.671
5/19/2006 10:00,,0.062,0.329
5/23/2006 8:00,14.1,0.166,0.909
6/2/2006 9:00,40.2,0.133,0.829
6/5/2006 8:00,52,0.097,0.778
6/8/2006 8:30,56.3,0.088,0.3
6/9/2006 8:00,10.7,0.055,0.33
6/12/2006 8:00,14.1,0.181,0.492
6/15/2006 8:00,4.1,0.373,2.587
6/21/2006 8:00,5.9,0.239,1.9
6/26/2006 8:00,21.85,0.324,1.915
6/29/2006 8:00,5.1,0.228,1.242
6/30/2006 8:00,0.7,1.116,
7/12/2006 8:00,37,0.146,0.995
7/13/2006 13:30,38.4,0.22,1.549
7/24/2006 8:00,24.5,0.423,2.159
7/31/2006 8:00,20.7,0.132,0.926
8/3/2006 8:00,1.5,0.404,4.3
8/4/2006 9:00,9.9,0.267,2.314
8/7/2006 8:30,13.2,0.105,0.932
8/8/2006 9:30,0.2,0.147,1.733
8/11/2006 8:00,0,0.277,3.851
8/15/2006 9:30,8,0.188,1.132
8/21/2006 10:00,86.8,0.035,0.386
8/25/2006 8:00,2.8,0.333,2.556
8/28/2006 15:30,13,0.138,1.281
9/5/2006 8:00,19.2,0.055,0.455
9/6/2006 8:00,0.654,0.202,2.985
9/15/2006 8:00,9.1,0.185,0.626
9/21/2006 8:00,22.8,0.268,1.649
9/25/2006 8:00,14.4,0.745,1.428
9/29/2006 8:00,0.5,0.152,
10/2/2006 8:00,15.1,0.245,0.723
10/4/2006 8:00,0,1.222,
10/6/2006 8:00,2.7,0.261,0.733
10/12/2006 8:00,78.4,0.062,0.216
10/18/2006 8:00,10.1,0.212,0.732
10/20/2006 8:00,3.3,0.836,1.336
10/23/2006 8:00,26.2,0.408,0.784
10/30/2006 8:00,60.3,0.043,0.199
11/3/2006 9:00,5.9,0.685,0.948
11/8/2006 8:00,7,0.203,0.304
11/9/2006 8:00,53,0.024,0.05
11/13/2006 8:00,10.7,0.104,0.36
11/14/2006 9:00,43.5,0.068,0.208
11/15/2006 8:00,2.4,0.096,0.621
11/17/2006 8:00,38.4,0.058,0.157
11/27/2006 8:30,8,0.066,0.36
11/30/2006 8:15,0.6,1.504,
12/4/2006 7:45,33,0.127,0.389
12/14/2006 8:00,1,0.361,0.739
12/27/2006 11:00,50.8,0.069,0.123
1/2/2007 11:15,21.9,0.188,0.309
1/8/2007 9:30,37.5,0.123,0.215
1/9/2007 10:30,9,0.043,0.838
1/16/2007 8:00,13,0.109,0.354
1/19/2007 8:00,2.9,0.108,0.478
1/23/2007 9:45,0.8,0.924,
2/5/2007 8:00,6.8,0.285,0.361
2/15/2007 8:00,31.9,0.067,0.05
3/5/2007 8:00,48.9,0.142,0.302
3/12/2007 8:00,8.4,0.59,1.192
3/16/2007 8:00,3.2,0.78,1.598
3/19/2007 8:00,41.2,0.032,0.17
3/23/2007 8:00,0.4,1.097,3.092
3/26/2007 8:00,7.1,0.333,0.678
3/28/2007 8:00,3.6,0.554,0.92
4/2/2007 8:15,7.3,0.346,0.724
4/4/2007 8:45,4.3,0.382,0.548
4/5/2007 11:00,30.1,0.083,0.152
4/14/2007 11:00,21.5,0.098,0.461
4/20/2007 8:00,123.2,0.035,0.365
4/30/2007 8:30,20.9,0.192,0.822
5/1/2007 8:00,8,0.221,1.103
5/2/2007 8:00,1.6,0.701,1.056
5/14/2007 9:00,21.1,0.177,0.695
5/15/2007 14:00,1.1,0.96,5.156
5/17/2007 8:00,28.1,0.397,1.996
5/21/2007 9:00,36.9,0.082,0.384
5/29/2007 8:00,7.7,0.715,4.045
6/1/2007 9:00,5.4,0.525,2.358
6/4/2007 8:40,8.6,0.357,1.459
6/6/2007 8:30,67.6,0.121,1.004
6/11/2007 8:30,0.9,1.074,6.023
6/14/2007 8:00,0.5,0.279,
6/22/2007 8:30,0.2,0.289,
7/5/2007 8:30,10.9,0.121,1.067
7/6/2007 9:00,0.6,0.318,4.998
7/9/2007 8:00,2.6,0.253,3.477
7/10/2007 8:00,27.1,0.35,1.959
7/12/2007 8:00,3.6,0.159,1.452
7/16/2007 9:00,12.9,0.338,3.059
7/19/2007 8:00,2.3,0.779,4.082
7/20/2007 9:00,28.2,0.326,1.663
7/27/2007 8:00,2.9,0.138,1.507
7/30/2007 19:00,16,0.198,1.981
8/7/2007 9:00,13.9,0.168,1.47
8/8/2007 16:45,7.3,0.559,3.497
8/10/2007 16:30,2,0.149,1.724
8/16/2007 16:00,5.8,0.17,3.261
8/17/2007 15:00,19.3,0.423,2.85
8/17/2007 15:00,19.3,0.414,2.809
9/10/2007 13:15,11.5,0.327,2.166
9/10/2007 13:15,11.5,0.37,
9/10/2007 13:15,,0.328,2.204
9/10/2007 13:15,,0.371,
9/11/2007 11:00,10.8,0.334,1.576
9/11/2007 11:00,10.8,0.362,1.69
9/12/2007 12:00,31.5,0.068,0.35
9/12/2007 12:00,31.5,0.062,0.336
9/17/2007 12:00,6,0.172,0.889
9/17/2007 12:00,6,0.193,0.879
9/28/2007 8:00,16.1,0.03,0.161
9/28/2007 8:00,16.1,0.034,0.349
10/8/2007 10:45,32.4,0.265,1.415
10/8/2007 10:45,32.4,0.278,1.521
10/10/2007 11:00,5.1,0.235,1.12
10/10/2007 11:00,5.1,0.296,0.857
10/11/2007 11:00,0,0.586,1.936
10/12/2007 11:00,25.1,0.119,0.408
10/12/2007 11:00,25.1,0.126,
10/15/2007 10:00,8.3,0.337,0.422
10/15/2007 10:00,8.3,0.339,0.698
10/22/2007 14:00,27.9,0.041,0.24
10/22/2007 14:00,27.9,0.051,0.216
10/24/2007 8:00,0.6,0.969,2.15
10/24/2007 8:00,0.6,0.925,2.234
10/25/2007 14:00,0.8,,2.723
10/25/2007 14:00,0.8,0.277,1.772
10/29/2007 8:00,15.5,0.079,0.44
10/29/2007 8:00,15.5,0.095,0.488
11/5/2007 8:00,30.1,0.009,0.316
11/5/2007 8:00,30.1,,0.187
11/7/2007 8:00,18.7,0.43,0.796
11/7/2007 8:00,18.7,0.486,0.776
11/13/2007 9:00,2.2,0.91,1.442
11/13/2007 9:00,2.2,1.183,0.686
11/15/2007 12:30,2.1,0.482,2.174
11/15/2007 12:30,2.1,0.554,1.948
11/16/2007 7:45,17.9,0.188,0.543
11/16/2007 7:45,17.9,0.204,0.755
11/16/2007 16:00,0.6,,1.008
11/16/2007 16:00,0.6,0.112,0.402
11/21/2007 10:30,4.7,0.187,0.486
11/21/2007 10:30,4.7,0.314,1.17
11/26/2007 8:00,3.4,0.212,0.725
11/26/2007 8:00,3.4,0.305,0.906
11/27/2007 8:00,16.272,0.216,0.453
11/27/2007 8:00,16.272,0.225,0.594
12/3/2007 8:00,15.1,0.209,0.125
12/4/2007 8:00,6.1,0.075,0.347
12/10/2007 10:00,3.6,0.418,0.646
12/10/2007 10:00,3.6,0.556,0.688
12/11/2007 10:00,0.4,0.341,
12/12/2007 8:00,0.6,0.0025,1.758
12/12/2007 8:00,0.6,1.098,1.388
12/14/2007 8:00,13.2,0.091,0.259
12/14/2007 8:00,13.2,0.112,0.254
12/18/2007 9:00,34,0.067,0.567
12/18/2007 9:00,34,0.076,0.22
12/21/2007 8:00,11.4,0.173,0.24
12/21/2007 8:00,11.4,0.334,0.359
12/26/2007 13:45,8.6,0.056,0.305
12/26/2007 13:45,8.6,0.073,0.629
1/2/2008 13:50,51.5,0.282,0.653
1/2/2008 13:50,51.5,0.256,0.507
1/10/2008 8:30,0.6,0.453,1.794
1/10/2008 8:30,0.6,0.423,1.791
1/11/2008 8:00,5.9,0.268,0.385
1/11/2008 8:00,5.9,0.242,0.398
1/11/2008 17:00,24.1,0.175,0.426
1/11/2008 17:00,24.1,0.223,0.338
1/15/2008 14:00,14.4,0.101,0.173
1/15/2008 14:00,14.4,0.062,0.378
1/18/2008 8:15,11.5,0.053,0.165
1/18/2008 8:15,11.5,0.065,0.203
1/22/2008 8:00,4.8,0.016,0.315
1/22/2008 8:00,4.8,0.025,0.422
1/28/2008 8:00,10.8,0.143,0.56
1/28/2008 8:00,10.8,0.209,0.56
1/30/2008 8:00,1.3,1.08,1.221
1/30/2008 8:00,1.3,1.091,1.67
1/31/2008 8:00,0.7,0.343,1.719
1/31/2008 8:00,0.7,0.545,2.027
2/4/2008 17:00,29,0.043,0.493
2/4/2008 17:00,29,0.076,0.363
2/5/2008 17:00,19.1,0.416,0.737
2/5/2008 17:00,19.1,0.414,0.858
2/6/2008 13:00,13.9,0.198,0.569
2/6/2008 13:00,13.9,0.219,0.588
2/7/2008 8:00,21.5,0.088,0.327
2/7/2008 8:00,21.5,0.141,0.398
2/8/2008 8:00,2.6,0.298,0.539
2/8/2008 8:00,2.6,0.357,0.913
2/11/2008 8:00,9.2,1.029,0.914
2/11/2008 8:00,9.2,1.168,1.017
2/14/2008 8:00,69.6,0.071,0.24
2/14/2008 8:00,69.6,0.225,0.243
2/18/2008 8:10,7.1,0.335,0.637
2/18/2008 8:10,7.1,0.543,0.494
2/19/2008 8:00,5.1,0.122,0.635
2/19/2008 8:00,5.1,0.241,0.76
2/26/2008 8:00,10.5,0.109,0.429
2/26/2008 8:00,10.5,0.303,0.371
2/27/2008 9:00,22.8,0.774,0.682
2/27/2008 9:00,22.8,0.414,0.613
2/28/2008 8:00,4.8,0.57,0.62
2/28/2008 8:00,4.8,0.516,0.669
3/3/2008 8:00,14.2,0.644,0.472
3/3/2008 8:00,14.2,0.388,0.578
3/11/2008 11:00,68.6,,1.711
3/11/2008 11:00,68.6,0.032,0.589
3/14/2008 17:00,6.3,1.587,1.299
3/14/2008 17:00,6.3,1.671,1.204
3/17/2008 8:00,17.6,0.796,1.201
3/17/2008 8:00,17.6,0.944,1.336
3/20/2008 8:00,28.8,0.124,0.507
3/20/2008 8:00,28.8,0.114,0.41
3/28/2008 8:00,13,0.372,0.435
3/28/2008 8:00,13,0.404,0.479
3/29/2008 13:00,12.8,0.095,0.408
3/29/2008 13:00,12.8,0.174,0.516
4/1/2008 8:15,6.8,0.562,0.969
4/1/2008 8:15,6.8,0.617,1.016
4/2/2008 8:00,4.1,0.486,0.835
4/2/2008 8:00,4.1,0.522,0.741
4/4/2008 8:00,1.4,0.107,0.681
4/4/2008 8:00,1.4,0.147,1.141
4/4/2008 17:00,12.4,0.051,0.59
4/4/2008 17:00,12.4,0.0025,0.356
4/7/2008 8:00,5.9,0.332,0.615
4/7/2008 8:00,5.9,0.398,0.571
4/14/2008 8:00,6.7,0.552,1.328
4/14/2008 8:00,6.7,0.608,1.214
4/28/2008 8:00,0.6,1.067,7.181
4/28/2008 8:00,0.6,1.151,3.952
4/29/2008 10:00,52.3,0.092,0.326
4/29/2008 10:00,52.3,0.085,0.207
4/30/2008 8:00,11.5,0.094,0.894
4/30/2008 8:00,11.5,0.093,0.329
5/5/2008 8:00,17.9,0.102,0.624
5/5/2008 8:00,17.9,0.17,0.692
5/8/2008 8:00,0.8,1.089,5.518
5/8/2008 8:00,0.8,1.469,7.043
5/19/2008 8:00,2.7,0.364,6.766
5/19/2008 8:00,2.7,0.433,6.336
5/22/2008 8:00,0.9,0.986,5.118
5/22/2008 8:00,0.9,1.246,3.952
5/27/2008 8:00,0.5,0.302,7.015
5/27/2008 8:00,0.5,0.15,9.762
6/2/2008 13:00,0.9,0.853,6.827
6/2/2008 13:00,0.9,0.899,4.535
6/4/2008 8:25,0,,7.9
6/4/2008 8:25,0,1.316,5.129
6/5/2008 8:00,10.1,0.125,0.944
6/5/2008 8:00,10.1,0.127,0.927
6/9/2008 8:00,12.1,0.2,1.667
6/9/2008 8:00,12.1,0.229,1.047
6/11/2008 8:00,3.6,0.836,3.117
6/11/2008 8:00,3.6,0.776,2.639
6/16/2008 8:30,20.1,0.298,2.093
6/16/2008 8:30,20.1,0.328,2.06
6/17/2008 10:00,1.8,0.628,3.071
6/18/2008 13:45,5.5,0.263,1.872
6/18/2008 13:45,7.3,0.354,1.687
6/24/2008 8:00,31.8,,1.436
6/24/2008 8:00,31.8,,1.229
6/25/2008 10:30,1.8,0.37,2.065
6/25/2008 10:30,1.8,0.392,2.03
6/27/2008 8:30,1.4,0.06,0.559
6/27/2008 8:30,1.4,0.276,1.48
6/30/2008 8:30,7,0.487,2.594
6/30/2008 8:30,7,0.558,2.275
7/7/2008 8:00,3.3,0.392,2.265
7/7/2008 8:00,3.3,0.445,1.721
7/15/2008 9:30,2.9,0.305,3.455
7/15/2008 9:30,2.9,0.233,5.226
7/22/2008 8:00,73.9,0.255,1.93
7/22/2008 8:00,73.9,0.298,1.858
7/28/2008 8:00,127.3,0.153,0.51
7/28/2008 8:00,127.3,0.16,0.389
8/1/2008 8:00,27,0.318,2.552
8/1/2008 8:00,27,0.323,2.669
8/4/2008 8:00,34,0.259,1.104
8/4/2008 8:00,34,0.264,1.049
8/7/2008 8:00,25.5,0.156,0.858
8/7/2008 8:00,25.5,0.165,1.05
8/8/2008 8:00,11.6,0.268,0.886
8/8/2008 8:00,11.6,0.296,1.017
8/12/2008 8:20,23.9,0.171,0.353
8/12/2008 8:20,23.9,0.184,0.949
8/14/2008 8:00,2,0.08,1.918
8/14/2008 8:00,2,0.109,0.746
8/18/2008 8:00,0.3,,16.223
8/18/2008 8:00,0.3,1.116,8.334
8/19/2008 9:00,0.6,0.351,2.338
8/19/2008 9:00,0.6,0.367,2.428
8/20/2008 12:25,1.4,0.25,1.923
8/20/2008 12:25,1.4,0.072,0.647
8/26/2008 10:00,0.4,0.432,8.262
8/26/2008 10:00,0.4,0.502,5.003
9/8/2008 7:30,127.3,0.038,0.122
9/8/2008 7:30,127.3,0.036,0.05
9/10/2008 7:45,9,0.236,1.08
9/10/2008 7:45,9,0.258,0.912
9/15/2008 8:30,13.4,0.183,0.977
9/15/2008 8:30,13.4,0.22,0.609
9/23/2008 10:25,3.9,0.174,1.237
9/23/2008 10:25,3.9,0.446,2.435
9/29/2008 8:00,91.9,0.038,0.05
9/29/2008 8:00,91.9,0.045,0.383
10/2/2008 10:40,16.2,0.385,1.356
10/2/2008 10:40,16.2,0.437,1.419
10/6/2008 8:10,0.2,0.505,2.779
10/6/2008 8:25,0.2,0.478,3.725
10/9/2008 8:10,6,0.227,0.493
10/9/2008 8:25,6,0.214,0.455
10/17/2008 9:20,7.5,0.613,1.681
10/17/2008 9:40,7.5,0.614,1.366
10/22/2008 13:00,6.3,0.946,1.257
10/22/2008 13:00,6.3,0.929,1.076
10/27/2008 10:20,36.4,0.038,0.05
10/27/2008 10:30,36.4,0.04,0.177
10/29/2008 8:30,10,0.157,0.489
10/29/2008 8:40,10,0.159,0.448
11/7/2008 9:10,2.1,0.189,1.253
11/7/2008 9:25,2.1,0.187,1.124
11/13/2008 7:35,2.6,0.301,0.984
11/13/2008 7:45,2.6,0.292,0.595
11/17/2008 8:10,29.8,0.256,0.434
11/17/2008 8:25,29.8,0.252,0.448
12/1/2008 9:30,85.4,0.212,0.166
12/2/2008 9:45,0.2,0.603,
12/2/2008 9:30,85.6,0.203,0.727
12/11/2008 8:50,21.6,0.149,0.467
12/11/2008 9:10,21.6,0.149,0.689
12/15/2008 11:30,62.5,0.033,0.416
12/15/2008 11:40,62.5,0.032,0.48
12/23/2008 10:40,67,0.147,0.322
12/23/2008 10:55,67,0.255,0.681
12/30/2008 11:30,12.2,0.24,0.599
12/30/2008 11:45,12.2,0.255,0.834
1/6/2009 10:45,10.2,0.197,0.424
1/6/2009 11:00,10.2,0.252,0.64
1/13/2009 10:40,40.7,0.193,0.363
1/13/2009 10:45,40.7,0.191,0.349
1/20/2009 12:35,20.1,0.298,0.403
1/20/2009 12:45,20.1,0.319,0.35
2/3/2009 9:10,30.3,0.068,0.21
2/3/2009 9:20,30.3,0.084,0.249
2/10/2009 10:10,3.6,0.431,1.035
2/10/2009 10:20,3.6,0.469,1.43
2/17/2009 9:25,7.5,0.301,2.108
2/17/2009 9:30,7.5,0.289,2.136
2/24/2009 8:45,64.1,,0.192
2/24/2009 9:00,64.1,0.108,0.118
3/3/2009 9:40,28.9,0.064,0.163
3/3/2009 9:50,28.9,0.123,0.49
3/10/2009 9:10,19.2,0.615,1.487
3/10/2009 9:20,19.2,0.678,1.899
3/17/2009 11:25,11,0.53,1.634
3/17/2009 11:40,11,0.519,1.392
3/31/2009 9:50,30.5,0.127,0.268
3/31/2009 10:00,30.5,0.157,0.664
,,0.097,
4/14/2009 10:00,4.7,0.507,1.321
4/14/2009 10:10,4.7,0.497,1.36
4/21/2009 9:05,20.9,0.056,0.357
4/21/2009 9:15,20.9,0.05,0.246
4/28/2009 11:30,17.4,0.343,0.84
4/28/2009 11:50,17.4,0.326,0.938
5/5/2009 12:40,4.5,0.419,1.388
5/5/2009 12:50,4.5,0.423,1.349
5/12/2009 10:10,50.2,0.123,0.403
5/12/2009 10:15,50.2,0.096,0.47
5/19/2009 13:58,10.3,0.237,0.594
5/19/2009 13:47,10.3,0.241,0.747
4/7/2009 9:40,56.9,0.068,0.148
4/7/2009 9:50,56.9,0.068,0.17
6/1/2009 13:00,40,0.236,0.931
6/1/2009 12:50,40,0.237,1.056
6/9/2009 10:10,2,0.684,3.844
6/12/2009 10:48,38.4,0.109,0.529
6/15/2009 13:20,27.3,0.115,1.365
6/19/2009 13:06,34.6,0.052,0.244
6/22/2009 13:30,7.7,0.086,1.098
6/24/2009 14:10,18.9,0.058,0.467
6/29/2009 11:50,8.7,0.154,0.882
6/30/2009 8:55,8.7,0.105,1.511
7/2/2009 11:55,20.7,,0.849
7/3/2009 11:26,9.6,0.139,0.995
7/6/2009 13:30,11.7,0.278,2.183
7/9/2009 13:50,16.5,,1.736
7/14/2009 11:50,2.2,0.389,1.323
7/21/2009 10:00,18.1,0.161,1.651
7/22/2009 14:15,8.3,0.127,0.933
7/24/2009 12:00,59,0.011,0.484
7/28/2009 12:10,7.5,0.381,2.114
8/3/2009 13:15,50.6,0.125,1.103
8/11/2009 12:05,14.7,0.094,1.485
8/13/2009 9:15,2.4,0.212,2.515
8/25/2009 10:45,28.7,0.26,0.99
8/31/2009 12:00,50.7,0.051,0.675
9/15/2009 13:45,23.4,0.071,0.613
9/29/2009 14:05,30.5,0.212,0.943
10/6/2009 15:18,19.5,0.469,0.823
10/13/2009 16:18,31.8,0.419,0.768
10/20/2009 14:18,12.9,0.136,0.559
10/27/2009 16:18,27.5,0.205,0.722
11/3/2009 14:00,21.5,0.116,0.798
11/24/2009 12:00,13.4,0.062,0.844
12/1/2009 13:10,28.2,0.062,0.431
12/14/2009 11:00,96.5,0.126,0.565
12/29/2009 13:15,31.9,0.091,0.456
1/20/2010 13:00,33.9,0.269,0.661
1/26/2010 12:10,26.1,0.089,0.583
2/23/2010 10:10,18.4,0.093,0.599
3/2/2010 12:15,174.4,0.079,0.46
3/19/2010 11:00,176.9,0.037,0.351
3/23/2010 9:30,47.2,0.039,0.326
3/30/2010 12:45,75.7,0.077,0.455
4/6/2010 11:00,75.7,0.014,0.38
4/13/2010 16:20,13.5,0.246,1.263
4/20/2010 9:45,33.7,0.286,1.057
5/11/2010 11:00,16.2,0.304,1.125
5/25/2010 10:10,56.9,0.021,0.573
6/1/2010 10:00,0.9,0.432,5.068
6/8/2010 9:40,57.8,0.37,1.676
6/15/2010 10:15,19.7,0.192,0.955
6/29/2010 13:30,11,0.805,3.253
7/13/2010 11:30,26.8,0.189,1.944
7/27/2010 9:20,18.4,0.124,1.046
8/24/2010 10:55,5.8,0.465,2.169
8/31/2010 9:15,87.1,0.02,0.526
9/14/2010 9:50,8.5,0.32,1.387
9/21/2010 8:50,15.6,0.377,1.339
9/28/2010 10:10,3.8,0.326,1.66
10/12/2010 8:45,21.6,0.075,0.925
10/20/2010 16:00,58.5,0.035,0.438
10/26/2010 11:45,2.4,1.009,2.465
11/9/2010 10:50,65.5,0.041,0.359
11/16/2010 10:15,2.6,0.138,1.387
11/23/2010 10:30,35.9,0.075,0.331
11/30/2010 11:20,9.4,0.205,0.879
12/7/2010 10:35,19.9,0.127,0.604
12/14/2010 10:20,57.2,0.093,0.398
1/18/2011 11:25,30,0.333,0.909
1/25/2011 13:45,37.5,0.326,0.745
2/1/2011 10:30,10.8,0.251,1.597
2/8/2011 12:00,47.5,0.336,0.972
3/8/2011 15:45,46.9,0.064,0.347
3/15/2011 11:45,24.9,0.066,0.704
3/22/2011 9:50,29.6,0.094,0.526
4/5/2011 9:45,32,0.181,0.796
4/12/2011 10:30,16,0.667,2.607
4/19/2011 9:35,59.8,0.115,0.711
4/26/2011 9:50,22.6,0.176,0.943
5/3/2011 10:00,2.9,0.323,2.917
5/10/2011 11:15,17.9,0.285,1.595
5/17/2011 12:15,34,0.235,1.477
6/14/2011 10:15,43.7,0.233,1.682
6/21/2011 10:31,12.9,0.185,3.12
6/28/2011 10:30,48.2,0.211,1.234
7/5/2011 10:15,6.5,0.643,3.204
7/19/2011 10:00,6.7,0.768,3.91
7/26/2011 11:05,4.2,0.379,3.166
8/2/2011 10:15,10.1,0.688,2.787
8/9/2011 10:30,28.6,0.273,2.113
8/16/2011 13:00,62.3,0.096,0.912
8/23/2011 10:30,5.6,0.293,1.797
8/30/2011 12:43,85.8,0.141,1.036
9/6/2011 12:00,5.3,0.143,1.184
9/13/2011 11:30,41.2,0.044,0.583
9/20/2011 12:35,3.6,0.282,1.779
9/27/2011 10:10,29.8,0.131,0.647
10/4/2011 14:33,79,0.082,0.634
10/11/2011 9:31,1.4,0.108,2.119
10/18/2011 11:45,34.1,0.065,0.603
10/25/2011 11:53,41,0.042,0.476
11/1/2011 16:18,57.5,0.087,0.636
11/15/2011 12:30,28.2,0.083,0.543
11/22/2011 11:30,5.9,0.368,1.057
11/29/2011 11:15,35.3,0.054,0.419
12/6/2011 10:15,18.8,0.042,0.386
12/13/2011 11:15,49.6,0.066,0.376
12/20/2011 9:15,2.1,0.674,3.056
12/27/2011 13:30,25,0.378,0.793
1/3/2012 12:48,18.2,0.303,0.967
1/17/2012 13:33,28.9,0.276,0.749
1/25/2012 11:40,16.8,0.236,0.842
1/31/2012 10:10,39.4,0.154,0.641
2/7/2012 13:15,1.2,0.548,3.72
1/31/2012 10:10,,0.141,0.834
2/21/2012 10:00,1.9,0.482,1.742
2/28/2012 10:11,26,0.177,0.742
3/6/2012 11:00,47.2,0.129,0.482
3/13/2012 10:15,8.5,0.179,0.716
3/20/2012 10:15,8.6,0.35,1.498
3/27/2012 10:00,2.3,0.313,2.145
4/3/2012 10:10,3.3,0.378,2.048
4/17/2012 10:15,1.1,0.28,3.627
4/24/2012 12:20,68.9,0.053,0.41
5/1/2012 10:45,13.6,0.322,1.474
5/8/2012 10:30,19.9,0.216,0.931
5/15/2012 10:45,45,0.173,0.601
5/22/2012 10:35,19.2,0.13,0.582
5/29/2012 11:00,4.9,0.072,1.197
6/5/2012 10:07,85.6,0.096,0.577
6/12/2012 10:20,8.7,0.107,1.568
6/19/2012 10:30,23.1,0.102,0.613
6/26/2012 9:45,22.9,0.183,1.831
7/3/2012 9:47,28.5,0.119,0.966
7/10/2012 10:20,12.6,0.175,1.837
7/17/2012 11:40,3.7,0.202,2.346
7/31/2012 10:35,24.4,0.216,1.503
8/7/2012 10:20,23.7,0.176,1.243
8/14/2012 10:10,25.9,0.204,1.31
8/21/2012 11:11,27.7,0.155,1.477
8/28/2012 10:17,3.8,0.068,1.498
9/4/2012 11:40,8.6,0.182,2.595
9/11/2012 10:35,14.1,0.175,1.662
9/25/2012 11:05,12.8,0.134,0.764
10/2/2012 10:20,41.6,0.084,0.99
10/9/2012 10:30,17.3,0.218,1.486
10/16/2012 10:50,19.3,0.134,0.827
10/23/2012 10:30,36.2,0.08,0.338
10/30/2012 13:05,38.6,0.0025,1.42
11/6/2012 10:49,7.2,0.118,0.684
11/6/2012 10:49,,0.116,
11/13/2012 10:15,21.5,,0.54
11/20/2012 10:49,2.8,0.081,1.115
11/27/2012 10:10,0.3,0.632,3.804
12/4/2012 11:12,3.6,0.472,1.517
12/11/2012 9:35,18.8,0.198,1.817
12/18/2012 11:00,38.7,0.047,0.261
12/27/2012 14:20,86.3,0.068,
1/3/2013 13:15,12.7,0.22,4.199
1/8/2013 10:15,0.2,0.582,
1/15/2013 11:00,3.3,0.258,1.051
1/22/2013 11:10,11.6,0.064,0.267
1/29/2013 11:00,7.3,0.387,0.496
2/5/2013 10:45,15,0.291,1.219
2/12/2013 10:15,58.6,0.214,2.617
2/26/2013 10:40,30.3,0.095,
3/5/2013 10:15,34,0.086,1.103
3/12/2013 9:30,18.6,0.138,1.576
3/20/2013 11:40,42.6,0.106,1.159
4/2/2013 10:15,14.5,0.096,0.575
5/14/2013 15:00,18.2,0.22,1.218
4/9/2013 10:20,3.2,0.704,20.571
4/16/2013 8:40,27.5,0.207,0.874
4/23/2013 10:20,7.6,0.155,0.927
4/30/2013 10:27,1.3,0.4,1.8
5/21/2013 11:30,4.1,0.698,1.909
5/28/2013 10:52,103.7,0.118,0.631
6/4/2013 11:26,16.9,0.229,1.235
6/11/2013 9:18,74.1,0.04,0.447
6/18/2013 8:55,35.9,0.118,0.873
6/25/2013 10:20,22.9,0.224,2.344
7/2/2013 10:21,62.2,0.229,0.769
7/9/2013 9:55,9.2,0.355,3.56
7/16/2013 11:14,8.4,0.982,2.867
7/23/2013 10:10,17,0.334,2.154
7/30/2013 10:52,29.2,0.191,1.042
8/6/2013 9:54,14.7,0.196,0.818
8/13/2013 9:36,51.9,0.049,1.424
8/27/2013 11:55,1.3,0.308,16.341
9/3/2013 11:15,58.4,0.106,0.944
9/10/2013 10:15,0.4,0.633,
9/17/2013 10:34,124.3,0.06,0.786
9/24/2013 10:24,18.7,0.072,0.309
10/8/2013 9:58,10.1,0.306,2.223
10/29/2013 10:29,0.2,2.003,3.712
11/5/2013 10:30,3.7,0.605,1.417
11/12/2013 10:37,3.3,0.68,6.505
11/19/2013 11:26,7.1,0.045,0.526
11/26/2013 10:30,1.7,0.417,11.614
12/3/2013 11:13,55.7,0.066,1.174
12/10/2013 10:35,13.6,0.231,3.533
12/17/2013 10:25,32.9,0.288,0.805
12/23/2013 9:44,19.2,0.379,1.004
12/30/2013 9:35,33.6,0.068,0.367
1/7/2014 10:05,33.4,0.152,1.58
1/14/2014 9:59,11.4,0.286,0.607
1/21/2014 10:30,33.7,0.156,0.944
2/11/2014 10:42,27.9,0.512,2.796
2/18/2014 10:00,37.5,0.154,1.284
2/25/2014 13:53,48.4,0.178,0.7
3/11/2014 10:00,4.8,1.204,1.071
3/18/2014 13:45,18.9,0.721,2.693
3/25/2014 13:55,16.7,0.08,0.944
4/1/2014 13:53,76.3,0.041,0.509
4/8/2014 10:00,31.7,0.124,1.073
4/15/2014 13:40,4.2,0.939,12.779
4/29/2014 13:45,9.4,0.994,
5/6/2014 13:45,30.4,0.462,
5/20/2014 9:35,26,0.187,3.949
5/27/2014 10:02,12,0.718,
6/10/2014 10:04,7.9,,2.259
6/17/2014 10:27,19,0.207,3.428
7/1/2014 10:37,28,0.129,0.588
7/8/2014 9:03,74,0.186,0.713
7/15/2014 9:07,12.1,0.443,1.544
7/22/2014 10:06,8,0.318,0.888
8/12/2014 9:35,7.1,0.059,1.309
9/2/2014 10:15,2.2,0.068,0.858
9/9/2014 9:44,19.1,0.159,0.745
9/16/2014 10:12,4.3,0.269,0.77
10/7/2014 10:11,16.8,0.149,3.649
10/28/2014 9:25,57.3,0.089,0.345
11/4/2014 11:07,12.2,0.121,0.822
11/11/2014 10:00,8.2,0.246,0.867
11/18/2014 10:25,30,0.149,0.794
11/25/2014 10:06,13.6,0.094,0.31
12/2/2014 10:06,36.4,0.077,2.097
12/9/2014 10:49,34.4,0.082,0.386
12/16/2014 10:10,56.1,0.041,0.259
12/23/2014 9:47,19.5,0.22,0.518
12/30/2014 10:41,27.5,0.125,0.427
1/6/2015 10:08,28.7,0.029,0.17
1/13/2015 10:15,4.9,0.427,0.821
1/20/2015 10:10,10.5,0.152,0.553
1/26/2015 11:35,10.2,0.077,0.184
2/3/2015 10:47,71,,3.629
2/10/2015 10:40,32.4,0.726,2.242
2/17/2015 10:40,13.3,1.135,1.106
2/24/2015 11:45,9.6,0.373,2.512
3/3/2015 13:56,3.5,0.436,2.623
3/10/2015 10:04,4,0.178,0.573
3/17/2015 10:31,20.9,,0.576
3/24/2015 10:31,1.6,0.415,1.04
3/31/2015 11:18,25.1,0.27,0.745
4/7/2015 11:50,3.2,0.641,2.218
4/14/2015 10:15,22.6,0.147,0.68
4/21/2015 11:34,57.7,0.092,0.526
4/28/2015 10:49,2.6,0.27,1.607
5/19/2015 11:45,2.8,0.49,2.767
6/2/2015 11:53,79.3,0.083,0.665
6/16/2015 10:16,16.2,0.243,1.675
6/23/2015 12:10,38.1,0.169,1.075
7/7/2015 10:02,22.3,0.103,1.058
7/21/2015 12:50,4.9,0.745,2.027
7/28/2015 10:10,4.1,0.174,1.595
8/4/2015 10:47,9.5,0.349,1.76
8/11/2015 9:50,11.8,0.191,1.005
8/18/2015 10:10,16.8,0.053,0.52
8/25/2015 10:21,42,0.09,0.479
9/22/2015 11:40,0,0.196,1.073
10/1/2015 9:05,71.3,0.03,0.247
10/13/2015 10:06,15.3,0.467,1.227
10/20/2015 10:52,4.1,0.696,3.368
10/27/2015 13:44,4.1,0.364,1.234
11/3/2015 12:50,47,0.044,
11/17/2015 10:50,20.1,0.167,0.729
11/24/2015 10:33,35.2,0.063,0.345
12/1/2015 10:28,9.4,0.053,0.336
12/4/2015 8:45,12.4,0.126,0.393
12/15/2015 11:00,11.2,0.225,0.719
12/22/2015 10:14,16.6,0.117,0.578
12/30/2015 11:26,89.7,0.059,0.465
1/5/2016 10:42,4.2,0.5,1.492
1/12/2016 9:04,41.9,0.056,0.278
1/19/2016 10:50,18.3,0.278,0.542
2/9/2016 10:30,48.1,0.113,0.582
2/16/2016 15:00,16.2,0.114,0.418
2/23/2016 13:55,8.3,0.145,0.69
3/1/2016 13:15,29.1,0.086,
3/8/2016 10:02,19.6,0.321,1.215
3/15/2016 10:55,33.9,0.111,0.711
3/22/2016 13:15,26.2,0.075,0.344
3/29/2016 14:09,23.6,0.084,0.523
4/5/2016 13:25,26.1,0.182,0.9
4/12/2016 9:26,28.8,0.113,0.504
4/19/2016 13:34,4.6,0.357,1.256
4/26/2016 14:07,9.2,0.391,1.701
5/3/2016 14:07,15.1,0.192,0.803
5/10/2016 9:30,13.6,0.127,0.529
5/17/2016 9:30,5.6,0.16,1.67
5/24/2016 10:55,4.4,0.231,
5/31/2016 10:37,7.2,0.386,1.515
6/7/2016 11:37,37.5,0.241,0.769
6/14/2016 9:33,2.1,0.964,2.77
6/21/2016 10:40,1,0.804,4.567
7/5/2016 10:58,16.8,0.311,1.474
7/12/2016 10:00,44.9,0.109,0.559
7/19/2016 10:37,14.8,0.151,1.777
7/26/2016 11:42,53.9,0.13,2.298
8/2/2016 10:46,11.3,0.396,1.944
8/9/2016 10:00,2.4,0.613,2.201
8/16/2016 9:38,10.3,0.272,0.942
8/23/2016 10:42,17.2,0.083,0.472
9/6/2016 12:16,0.6,0.131,4.742
9/13/2016 10:03,5.9,0.272,1.623
9/20/2016 10:00,33.2,0.1,0.683
9/27/2016 11:07,6.2,0.189,1.043
10/3/2016 9:57,10.9,0.08,0.483
10/11/2016 10:14,29.5,0.074,0.596
10/25/2016 10:07,92.8,0.028,0.186
11/1/2016 10:49,52.6,0.042,0.368
11/8/2016 9:59,9,1.007,2.948
11/21/2016 10:15,40,0.067,0.304
11/29/2016 10:45,6,0.515,1.621
12/6/2016 12:03,53.2,0.075,0.424
12/13/2016 10:20,14.3,0.151,0.463
12/20/2016 10:15,24.6,0.156,0.658
12/27/2016 11:24,9.6,0.226,0.785
1/3/2017 10:24,40.3,0.069,0.316
1/11/2017 8:33,30.2,0.086,0.255
1/17/2017 13:30,1.8,0.372,1.275
1/24/2017 10:02,39,0.096,0.498
2/7/2017 10:32,7.3,0.989,3.994
2/14/2017 11:23,72.9,0.164,0.784
2/21/2017 10:23,16.5,0.381,2.247
2/28/2017 10:32,11.8,,0.876
3/13/2017 11:00,7.1,0.58,7.554
3/21/2017 9:50,42.3,0.096,
3/28/2017 10:28,28,0.144,0.788
4/4/2017 10:17,55.3,0.066,0.47
4/11/2017 9:35,45.3,0.062,0.466
4/18/2017 10:20,6,0.312,2.824
4/25/2017 9:52,21.2,0.118,1.109
5/2/2017 10:20,52.6,0.137,0.622
5/9/2017 10:53,27.7,0.102,0.563
5/16/2017 10:20,49.8,0.077,2.456
5/23/2017 11:20,12.3,0.242,2.266
5/30/2017 12:37,34.7,0.053,4.327
6/6/2017 10:22,33.1,0.157,0.979
6/20/2017 10:19,20.7,0.198,0.902
6/27/2017 10:05,2,0.517,2.578
7/11/2017 10:05,17.4,0.223,5.636
7/18/2017 9:47,10.7,0.204,5.306
7/25/2017 9:59,26.9,0.128,1.21
8/7/2017 10:25,1.3,0.12,1.27
8/15/2017 9:52,22,0.29,
8/22/2017 10:00,33.5,0.244,1.147
8/29/2017 10:40,24.2,0.065,1.067
9/5/2017 11:05,19.3,0.052,0.553
9/12/2017 9:45,52.8,0.096,1.063
9/19/2017 10:30,16.6,0.295,10.034
9/26/2017 11:55,1.7,0.153,2.522
10/3/2017 10:32,2,0.197,1.469
10/10/2017 8:02,30.4,0.131,0.983
10/31/2017 12:45,110.2,0.067,0.416
11/7/2017 10:45,4.9,0.166,6.587
11/14/2017 10:15,6.1,0.338,3.686
11/21/2017 12:25,20.8,0.228,1.439
11/28/2017 10:40,10.7,0.125,3.361
12/4/2017 14:00,2.2,0.0025,7.299
12/12/2017 10:58,27.7,0.174,1.128
12/20/2017 14:25,8.7,0.446,1.204
1/16/2018 10:35,25.4,0.033,1.113
1/23/2018 9:57,17.7,0.457,1.12
1/30/2018 15:50,18.5,0.089,0.735
2/6/2018 10:25,20.6,,2.79
2/13/2018 10:33,49,0.132,0.527
2/20/2018 11:29,17.9,0.094,2.483
2/27/2018 10:26,19.4,,1.364
3/6/2018 11:20,17,0.178,3.193
3/14/2018 10:35,76.1,0.05,0.882
3/27/2018 10:45,3.1,0.164,12.654
4/3/2018 11:20,3.5,0.797,
4/10/2018 10:25,23.6,0.205,1.209
4/17/2018 11:20,71.8,0.12,2.371
4/23/2018 12:00,3.1,0.188,7.295
5/8/2018 10:11,6.4,0.42,10.564
5/29/2018 10:55,15.5,0.326,2.694
6/5/2018 11:17,10.9,0.075,4.414
6/12/2018 8:45,4.4,0.252,
6/19/2018 11:02,6.6,0.285,5.826
7/10/2018 10:10,1.5,0.31,
7/17/2018 10:22,16.8,0.124,2.62
7/24/2018 11:18,76.3,0.092,6.384
7/31/2018 11:00,71.2,0.125,2.927
8/7/2018 10:44,49.9,0.127,2.822
8/14/2018 10:34,30.5,0.216,1.417
9/11/2018 10:20,44.9,0.085,0.923
9/18/2018 13:56,74.6,0.011,3.374
9/25/2018 12:54,1.3,0.158,25.133
10/2/2018 12:15,43.2,0.095,3.2
10/9/2018 10:10,15.7,0.166,0.617
10/16/2018 10:00,27.3,0.168,2.588
10/30/2018 14:48,56.4,0.071,4.817
11/6/2018 13:00,83.9,0.085,0.223
11/20/2018 14:10,59.3,0.15,0.403
11/27/2018 14:00,62.1,0.053,0.922
12/4/2018 14:38,23.1,0.063,0.371
12/18/2018 14:45,12.8,0.043,11.301
1/2/2019 13:35,45,0.081,0.408
1/8/2019 10:30,8.4,0.41,0.744
1/22/2019 13:35,27.5,0.042,0.398
1/29/2019 14:45,34.4,0.045,0.397
2/5/2019 12:38,18.6,0.265,0.769
2/12/2019 10:55,15.7,0.081,5.912
2/19/2019 12:59,38.8,0.106,0.467
2/26/2019 13:58,29.7,0.163,1.66
3/11/2019 10:20,19.3,0.04,1.65
3/19/2019 13:40,5.2,0.573,1.922
3/26/2019 13:21,7.4,0.04,0.995
4/2/2019 12:23,7.6,0.312,4.063
4/9/2019 9:50,20,0.487,2.567
4/16/2019 12:20,38.7,0.153,0.473
4/23/2019 12:30,25.2,0.096,3.089
4/30/2019 12:45,55.9,0.157,0.422
5/7/2019 15:05,13.6,0.37,1.863
5/13/2019 9:55,6.3,0.67,6.212
5/21/2019 14:46,26.6,0.143,0.694
6/4/2019 10:00,26.8,0.124,0.781
6/11/2019 9:07,57.1,0.134,0.701
6/18/2019 9:48,20.2,0.096,0.594
6/25/2019 11:35,10.4,0.281,13.316
7/2/2019 12:59,27.3,0.197,4.2
7/16/2019 15:00,58.8,0.12,0.885
7/23/2019 16:10,51.1,0.112,0.925
8/13/2019 10:02,41.4,0.125,0.679
8/20/2019 14:02,36.6,0.171,3.832
9/3/2019 13:35,54.6,0.041,0.213
10/8/2019 10:15,27,0.161,2.831
10/22/2019 11:20,51.5,0.042,0.395
10/29/2019 10:25,63.5,0.071,0.273
11/5/2019 9:40,20.3,0.105,0.345
11/12/2019 10:00,11.9,0.29,4.587
11/19/2019 9:05,8.4,0.076,2.806
11/26/2019 8:56,35.8,0.082,0.476
12/4/2019 9:20,57.2,0.16,1.087
12/10/2019 8:37,19.5,0.136,2.577
12/17/2019 9:29,77,0.043,0.328
12/23/2019 10:05,11,0.067,0.347
1/3/2020 9:50,51.7,0.048,0.561
1/8/2020 9:10,8.5,0.312,1.385
1/14/2020 9:05,8.3,0.063,0.438
1/21/2020 10:49,21.7,0.261,0.696
1/28/2020 9:45,36.8,0.022,0.483
2/11/2020 9:55,31.7,0.114,0.479
2/18/2020 9:15,12.4,0.165,0.453
2/25/2020 9:30,19.4,0.165,0.436
3/3/2020 12:33,36.2,0.038,0.394
3/17/2020 10:08,12.6,0.197,1.227
3/24/2020 11:18,44,0.063,
3/31/2020 10:47,29,0.118,0.766
4/7/2020 12:43,38.5,0.031,0.445
4/13/2020 10:07,36.1,0.082,0.703
4/21/2020 9:44,30.5,0.254,1.721
4/28/2020 12:02,32.8,0.122,1.083
5/5/2020 9:48,27.1,0.072,0.338
5/12/2020 9:35,12.4,0.186,1.642
5/19/2020 9:15,8.8,0.129,1.352
6/2/2020 12:53,2.5,0.157,5.635
6/9/2020 9:47,7.1,0.439,3.023
6/16/2020 11:20,2.7,0.166,2.469
6/30/2020 10:53,20.9,0.099,0.53
7/7/2020 12:48,76.5,0.021,0.289
7/14/2020 8:33,24.4,0.149,2.644
7/28/2020 7:41,16.9,0.121,0.618
8/5/2020 12:26,3.9,0.194,1.273
8/18/2020 9:14,5.8,0.257,1.853
8/25/2020 8:59,23,0.127,1.717
9/1/2020 9:27,12.5,0.294,1.588
9/8/2020 9:42,3.1,0.202,0.957
9/15/2020 9:14,36.2,0.02,0.407
9/29/2020 9:09,1.8,0.125,0.82
10/6/2020 9:37,10.6,0.076,0.666
10/13/2020 8:59,3.1,0.264,2.656
10/20/2020 9:21,72.2,0.029,0.384
10/27/2020 9:30,4,0.283,1.359
11/3/2020 9:40,38,0.093,0.446
11/17/2020 9:41,12.2,0.227,1.124
11/24/2020 9:10,39,0.042,0.38
12/1/2020 9:36,61.2,0.115,0.314
12/8/2020 9:22,53.6,0.076,0.299
12/15/2020 9:24,12.2,0.229,0.613
12/22/2020 9:14,22.1,0.302,1.016
12/29/2020 9:44,30,0.034,0.198
1/5/2021 9:13,16.2,0.084,0.416
1/19/2021 9:29,37.1,0.066,0.371
2/1/2021 9:40,6.4,0.253,0.718
2/8/2021 10:17,33.6,,0.451
